{"cameraMode":{"drawMode":0,"name":"Shaded","section":"Shading Mode"},"sceneLighting":false,"audioPlay":false,"sceneViewState":{"m_AlwaysRefresh":false,"showFog":true,"showSkybox":true,"showFlares":true,"showImageEffects":true,"showParticleSystems":true,"showVisualEffectGraphs":true,"m_FxEnabled":true},"in2DMode":false,"pivot":{"x":635.4379272460938,"y":145.22451782226563,"z":2.4392080307006838},"rotation":{"x":-0.013475206680595875,"y":0.059959035366773608,"z":0.0008109987247735262,"w":0.998121440410614},"size":160.5409698486328,"orthographic":false}